Workbook

Sheet Resumen BEI
A1: BREAK-EVEN INFLACIONARIO POR PLAZO
A2: Calculado en vivo desde las hojas Bonos Nominales / Bonos CER / REM Esperado
A4: Plazo | B4: Centro (meses) | C4: TIR LECAP avg | D4: TIR CER avg | E4: BEI implícita | F4: REM esperado | G4: Δ (BEI − REM)
A5: 0-3 meses | B5: 1.5 | C5: =IFERROR(AVERAGEIFS('Bonos Nominales'!G5:G21,'Bonos Nominales'!E5:E21,">="&0,'Bonos Nominales'!E5:E21,"<"&0.25),"-") -> 0.222 | D5: =IFERROR(AVERAGEIFS('Bonos CER'!G5:G25,'Bonos CER'!E5:E25,">="&0,'Bonos CER'!E5:E25,"<"&0.25),"-") -> 0.03375 | E5: =IFERROR((1+C5)/(1+D5)-1,"-") -> 0.18210399 | F5: =IFERROR(INDEX('REM Esperado'!C5:C11,MATCH(B5,'REM Esperado'!A5:A11,1)),"-") -> 0.458 | G5: =IFERROR(E5-F5,"-") -> -0.27589601
A6: 3-6 meses | B6: 4.5 | C6: =IFERROR(AVERAGEIFS('Bonos Nominales'!G5:G21,'Bonos Nominales'!E5:E21,">="&0.25,'Bonos Nominales'!E5:E21,"<"&0.5),"-") -> 0.206 | D6: =IFERROR(AVERAGEIFS('Bonos CER'!G5:G25,'Bonos CER'!E5:E25,">="&0.25,'Bonos CER'!E5:E25,"<"&0.5),"-") -> 0.0525 | E6: =IFERROR((1+C6)/(1+D6)-1,"-") -> 0.14584323 | F6: =IFERROR(INDEX('REM Esperado'!C5:C11,MATCH(B6,'REM Esperado'!A5:A11,1)),"-") -> 0.382 | G6: =IFERROR(E6-F6,"-") -> -0.23615677
A7: 6-9 meses | B7: 7.5 | C7: =IFERROR(AVERAGEIFS('Bonos Nominales'!G5:G21,'Bonos Nominales'!E5:E21,">="&0.5,'Bonos Nominales'!E5:E21,"<"&0.75),"-") -> 0.199 | D7: =IFERROR(AVERAGEIFS('Bonos CER'!G5:G25,'Bonos CER'!E5:E25,">="&0.5,'Bonos CER'!E5:E25,"<"&0.75),"-") -> 0.058333333 | E7: =IFERROR((1+C7)/(1+D7)-1,"-") -> 0.13291339 | F7: =IFERROR(INDEX('REM Esperado'!C5:C11,MATCH(B7,'REM Esperado'!A5:A11,1)),"-") -> 0.315 | G7: =IFERROR(E7-F7,"-") -> -0.18208661
A8: 9-12 meses | B8: 10.5 | C8: =IFERROR(AVERAGEIFS('Bonos Nominales'!G5:G21,'Bonos Nominales'!E5:E21,">="&0.75,'Bonos Nominales'!E5:E21,"<"&1),"-") -> 0.195 | D8: =IFERROR(AVERAGEIFS('Bonos CER'!G5:G25,'Bonos CER'!E5:E25,">="&0.75,'Bonos CER'!E5:E25,"<"&1),"-") -> 0.0665 | E8: =IFERROR((1+C8)/(1+D8)-1,"-") -> 0.12048758 | F8: =IFERROR(INDEX('REM Esperado'!C5:C11,MATCH(B8,'REM Esperado'!A5:A11,1)),"-") -> 0.315 | G8: =IFERROR(E8-F8,"-") -> -0.19451242
A9: 12-18 meses | B9: 15 | C9: =IFERROR(AVERAGEIFS('Bonos Nominales'!G5:G21,'Bonos Nominales'!E5:E21,">="&1,'Bonos Nominales'!E5:E21,"<"&1.5),"-") -> 0.1925 | D9: =IFERROR(AVERAGEIFS('Bonos CER'!G5:G25,'Bonos CER'!E5:E25,">="&1,'Bonos CER'!E5:E25,"<"&1.5),"-") -> 0.072333333 | E9: =IFERROR((1+C9)/(1+D9)-1,"-") -> 0.11206093 | F9: =IFERROR(INDEX('REM Esperado'!C5:C11,MATCH(B9,'REM Esperado'!A5:A11,1)),"-") -> 0.23 | G9: =IFERROR(E9-F9,"-") -> -0.11793907
A10: 18-24 meses | B10: 21 | C10: =IFERROR(AVERAGEIFS('Bonos Nominales'!G5:G21,'Bonos Nominales'!E5:E21,">="&1.5,'Bonos Nominales'!E5:E21,"<"&2),"-") -> - | D10: =IFERROR(AVERAGEIFS('Bonos CER'!G5:G25,'Bonos CER'!E5:E25,">="&1.5,'Bonos CER'!E5:E25,"<"&2),"-") -> 0.079 | E10: =IFERROR((1+C10)/(1+D10)-1,"-") -> - | F10: =IFERROR(INDEX('REM Esperado'!C5:C11,MATCH(B10,'REM Esperado'!A5:A11,1)),"-") -> 0.216 | G10: =IFERROR(E10-F10,"-") -> -
A11: 24-36 meses | B11: 30 | C11: =IFERROR(AVERAGEIFS('Bonos Nominales'!G5:G21,'Bonos Nominales'!E5:E21,">="&2,'Bonos Nominales'!E5:E21,"<"&3),"-") -> - | D11: =IFERROR(AVERAGEIFS('Bonos CER'!G5:G25,'Bonos CER'!E5:E25,">="&2,'Bonos CER'!E5:E25,"<"&3),"-") -> 0.08525 | E11: =IFERROR((1+C11)/(1+D11)-1,"-") -> - | F11: =IFERROR(INDEX('REM Esperado'!C5:C11,MATCH(B11,'REM Esperado'!A5:A11,1)),"-") -> 0.196 | G11: =IFERROR(E11-F11,"-") -> -
A12: +36 meses | B12: 48 | C12: =IFERROR(AVERAGEIFS('Bonos Nominales'!G5:G21,'Bonos Nominales'!E5:E21,">="&3,'Bonos Nominales'!E5:E21,"<"&83.25),"-") -> 0.18 | D12: =IFERROR(AVERAGEIFS('Bonos CER'!G5:G25,'Bonos CER'!E5:E25,">="&3,'Bonos CER'!E5:E25,"<"&83.25),"-") -> 0.095 | E12: =IFERROR((1+C12)/(1+D12)-1,"-") -> 0.077625571 | F12: =IFERROR(INDEX('REM Esperado'!C5:C11,MATCH(B12,'REM Esperado'!A5:A11,1)),"-") -> 0.17 | G12: =IFERROR(E12-F12,"-") -> -0.092374429
A15: LEYENDA
A16: BEI > REM → mercado más pesimista que economistas → conviene CER
A17: BEI < REM → mercado más optimista que economistas → conviene tasa fija
A18: Δ ≈ 0 → mercado y economistas coinciden → neutral

Sheet Bonos Nominales
A1: BONOS NOMINALES — LECAP + BONTE TASA FIJA
A2: Snapshot: 10-may-2026 · Fuente: Bolsar / IAMC · TIRs editables (azul)
A4: Ticker | B4: Tipo | C4: Vencimiento | D4: Días al vto | E4: Años al vto | F4: Precio ARS | G4: TIR anual % | H4: Descripción
A5: S15Y6 | B5: LECAP | C5: 2026-05-15 | D5: =DATEVALUE("2026-05-15")-DATEVALUE("2026-05-10") -> 5 | E5: =D5/365 -> 0.01369863 | F5: 104.95 | G5: 0.24 | H5: LECAP vto 15-may-26
A6: S29Y6 | B6: LECAP | C6: 2026-05-29 | D6: =DATEVALUE("2026-05-29")-DATEVALUE("2026-05-10") -> 19 | E6: =D6/365 -> 0.052054795 | F6: 130.7 | G6: 0.225 | H6: LECAP vto 29-may-26
A7: S12J6 | B7: LECAP | C7: 2026-06-12 | D7: =DATEVALUE("2026-06-12")-DATEVALUE("2026-05-10") -> 33 | E7: =D7/365 -> 0.090410959 | F7: 100.93 | G7: 0.22 | H7: LECAP vto 12-jun-26
A8: T30J6 | B8: BONTE TF | C8: 2026-06-30 | D8: =DATEVALUE("2026-06-30")-DATEVALUE("2026-05-10") -> 51 | E8: =D8/365 -> 0.13972603 | F8: 140.57 | G8: 0.22 | H8: BONTE cap vto 30-jun-26
A9: S17L6 | B9: LECAP | C9: 2026-07-17 | D9: =DATEVALUE("2026-07-17")-DATEVALUE("2026-05-10") -> 68 | E9: =D9/365 -> 0.18630137 | F9: 103.4 | G9: 0.215 | H9: LECAP vto 17-jul-26
A10: S31L6 | B10: LECAP | C10: 2026-07-31 | D10: =DATEVALUE("2026-07-31")-DATEVALUE("2026-05-10") -> 82 | E10: =D10/365 -> 0.22465753 | F10: 111.81 | G10: 0.212 | H10: LECAP vto 31-jul-26
A11: S14G6 | B11: LECAP | C11: 2026-08-14 | D11: =DATEVALUE("2026-08-14")-DATEVALUE("2026-05-10") -> 96 | E11: =D11/365 -> 0.2630137 | F11: 101.55 | G11: 0.21 | H11: LECAP vto 14-ago-26
A12: S31G6 | B12: LECAP | C12: 2026-08-31 | D12: =DATEVALUE("2026-08-31")-DATEVALUE("2026-05-10") -> 113 | E12: =D12/365 -> 0.30958904 | F12: 118.4 | G12: 0.208 | H12: LECAP vto 31-ago-26
A13: S30S6 | B13: LECAP | C13: 2026-09-30 | D13: =DATEVALUE("2026-09-30")-DATEVALUE("2026-05-10") -> 143 | E13: =D13/365 -> 0.39178082 | F13: 107.15 | G13: 0.205 | H13: LECAP vto 30-sep-26
A14: TO26 | B14: BONTE TF | C14: 2026-10-17 | D14: =DATEVALUE("2026-10-17")-DATEVALUE("2026-05-10") -> 160 | E14: =D14/365 -> 0.43835616 | F14: 96.99 | G14: 0.205 | H14: BONTE 15.5% vto 17-oct-26
A15: S30O6 | B15: LECAP | C15: 2026-10-30 | D15: =DATEVALUE("2026-10-30")-DATEVALUE("2026-05-10") -> 173 | E15: =D15/365 -> 0.4739726 | F15: 121 | G15: 0.202 | H15: LECAP vto 30-oct-26
A16: S30N6 | B16: LECAP | C16: 2026-11-30 | D16: =DATEVALUE("2026-11-30")-DATEVALUE("2026-05-10") -> 204 | E16: =D16/365 -> 0.55890411 | F16: 114.1 | G16: 0.2 | H16: LECAP vto 30-nov-26
A17: T15E7 | B17: BONTE TF | C17: 2027-01-15 | D17: =DATEVALUE("2027-01-15")-DATEVALUE("2026-05-10") -> 250 | E17: =D17/365 -> 0.68493151 | F17: 136.6 | G17: 0.198 | H17: BONTE cap vto 15-ene-27
A18: T30A7 | B18: BONTE TF | C18: 2027-04-30 | D18: =DATEVALUE("2027-04-30")-DATEVALUE("2026-05-10") -> 355 | E18: =D18/365 -> 0.97260274 | F18: 123.84 | G18: 0.195 | H18: BONTE cap vto 30-abr-27
A19: T31Y7 | B19: BONTE TF | C19: 2027-05-31 | D19: =DATEVALUE("2027-05-31")-DATEVALUE("2026-05-10") -> 386 | E19: =D19/365 -> 1.0575342 | F19: 116.9 | G19: 0.193 | H19: BONTE cap vto 31-may-27
A20: T30J7 | B20: BONTE TF | C20: 2027-06-30 | D20: =DATEVALUE("2027-06-30")-DATEVALUE("2026-05-10") -> 416 | E20: =D20/365 -> 1.139726 | F20: 120.5 | G20: 0.192 | H20: BONTE cap vto 30-jun-27
A21: TY30P | B21: BONTE TF | C21: 2030-05-30 | D21: =DATEVALUE("2030-05-30")-DATEVALUE("2026-05-10") -> 1481 | E21: =D21/365 -> 4.0575342 | F21: 120.1 | G21: 0.18 | H21: BONTE TF vto 30-may-30

Sheet Bonos CER
A1: BONOS REALES — LECER + BONCER (ajustan por CER)
A2: Snapshot: 10-may-2026 · Fuente: Bolsar / IAMC · TIRs REALES editables (azul)
A4: Ticker | B4: Tipo | C4: Vencimiento | D4: Días al vto | E4: Años al vto | F4: Precio ARS | G4: TIR anual % | H4: TIR REAL anual % | I4: Descripción
A5: X15Y6 | B5: LECER | C5: 2026-05-15 | D5: =DATEVALUE("2026-05-15")-DATEVALUE("2026-05-10") -> 5 | E5: =D5/365 -> 0.01369863 | F5: 107.8 | G5: 0.025 | H5: LECER vto 15-may-26
A6: X29Y6 | B6: LECER | C6: 2026-05-29 | D6: =DATEVALUE("2026-05-29")-DATEVALUE("2026-05-10") -> 19 | E6: =D6/365 -> 0.052054795 | F6: 116.85 | G6: 0.03 | H6: LECER vto 29-may-26
A7: TZX26 | B7: BONCER | C7: 2026-06-30 | D7: =DATEVALUE("2026-06-30")-DATEVALUE("2026-05-10") -> 51 | E7: =D7/365 -> 0.13972603 | F7: 382.55 | G7: 0.035 | H7: BONCER cero cupón vto 30-jun-26
A8: X31L6 | B8: LECER | C8: 2026-07-31 | D8: =DATEVALUE("2026-07-31")-DATEVALUE("2026-05-10") -> 82 | E8: =D8/365 -> 0.22465753 | F8: 112.3 | G8: 0.045 | H8: LECER vto 31-jul-26
A9: X30S6 | B9: LECER | C9: 2026-09-30 | D9: =DATEVALUE("2026-09-30")-DATEVALUE("2026-05-10") -> 143 | E9: =D9/365 -> 0.39178082 | F9: 107.2 | G9: 0.05 | H9: LECER vto 30-sep-26
A10: TZXO6 | B10: BONCER | C10: 2026-10-30 | D10: =DATEVALUE("2026-10-30")-DATEVALUE("2026-05-10") -> 173 | E10: =D10/365 -> 0.4739726 | F10: 159.15 | G10: 0.055 | H10: BONCER vto 30-oct-26
A11: TX26 | B11: BONCER | C11: 2026-11-09 | D11: =DATEVALUE("2026-11-09")-DATEVALUE("2026-05-10") -> 183 | E11: =D11/365 -> 0.50136986 | F11: 682.7 | G11: 0.057 | H11: BONTE CER 2% vto 09-nov-26
A12: X30N6 | B12: LECER | C12: 2026-11-30 | D12: =DATEVALUE("2026-11-30")-DATEVALUE("2026-05-10") -> 204 | E12: =D12/365 -> 0.55890411 | F12: 115.4 | G12: 0.058 | H12: LECER vto 30-nov-26
A13: TZXD6 | B13: BONCER | C13: 2026-12-15 | D13: =DATEVALUE("2026-12-15")-DATEVALUE("2026-05-10") -> 219 | E13: =D13/365 -> 0.6 | F13: 280.1 | G13: 0.06 | H13: BONCER vto 15-dic-26
A14: TZXM7 | B14: BONCER | C14: 2027-03-31 | D14: =DATEVALUE("2027-03-31")-DATEVALUE("2026-05-10") -> 325 | E14: =D14/365 -> 0.89041096 | F14: 209.4 | G14: 0.065 | H14: BONCER vto 31-mar-27
A15: TZXA7 | B15: BONCER | C15: 2027-04-30 | D15: =DATEVALUE("2027-04-30")-DATEVALUE("2026-05-10") -> 355 | E15: =D15/365 -> 0.97260274 | F15: 115.25 | G15: 0.068 | H15: BONCER vto 30-abr-27
A16: TZXY7 | B16: BONCER | C16: 2027-05-31 | D16: =DATEVALUE("2027-05-31")-DATEVALUE("2026-05-10") -> 386 | E16: =D16/365 -> 1.0575342 | F16: 112.3 | G16: 0.07 | H16: BONCER vto 31-may-27
A17: TZX27 | B17: BONCER | C17: 2027-06-30 | D17: =DATEVALUE("2027-06-30")-DATEVALUE("2026-05-10") -> 416 | E17: =D17/365 -> 1.139726 | F17: 368.5 | G17: 0.072 | H17: BONCER vto 30-jun-27
A18: TZXS7 | B18: BONCER | C18: 2027-09-30 | D18: =DATEVALUE("2027-09-30")-DATEVALUE("2026-05-10") -> 508 | E18: =D18/365 -> 1.3917808 | F18: 99.2 | G18: 0.075 | H18: BONCER vto 30-sep-27
A19: TZXD7 | B19: BONCER | C19: 2027-12-15 | D19: =DATEVALUE("2027-12-15")-DATEVALUE("2026-05-10") -> 584 | E19: =D19/365 -> 1.6 | F19: 255.4 | G19: 0.078 | H19: BONCER vto 15-dic-27
A20: TZXM8 | B20: BONCER | C20: 2028-03-31 | D20: =DATEVALUE("2028-03-31")-DATEVALUE("2026-05-10") -> 691 | E20: =D20/365 -> 1.8931507 | F20: 94 | G20: 0.08 | H20: BONCER vto 31-mar-28
A21: TZX28 | B21: BONCER | C21: 2028-06-30 | D21: =DATEVALUE("2028-06-30")-DATEVALUE("2026-05-10") -> 782 | E21: =D21/365 -> 2.1424658 | F21: 319.65 | G21: 0.082 | H21: BONCER vto 30-jun-28
A22: TZXS8 | B22: BONCER | C22: 2028-09-30 | D22: =DATEVALUE("2028-09-30")-DATEVALUE("2026-05-10") -> 874 | E22: =D22/365 -> 2.3945205 | F22: 85.92 | G22: 0.085 | H22: BONCER vto 30-sep-28
A23: TX28 | B23: BONCER | C23: 2028-11-09 | D23: =DATEVALUE("2028-11-09")-DATEVALUE("2026-05-10") -> 914 | E23: =D23/365 -> 2.5041096 | F23: 1622 | G23: 0.086 | H23: BONTE CER 2.25% vto 09-nov-28
A24: TZXM9 | B24: BONCER | C24: 2029-03-31 | D24: =DATEVALUE("2029-03-31")-DATEVALUE("2026-05-10") -> 1056 | E24: =D24/365 -> 2.8931507 | F24: 82.3 | G24: 0.088 | H24: BONCER vto 31-mar-29
A25: TX31 | B25: BONCER | C25: 2031-11-30 | D25: =DATEVALUE("2031-11-30")-DATEVALUE("2026-05-10") -> 2030 | E25: =D25/365 -> 5.5616438 | F25: 1388 | G25: 0.095 | H25: BONTE CER 2.50% vto 30-nov-31

Sheet REM Esperado
A1: INFLACIÓN ESPERADA — REM BCRA
A2: Última publicación: ene-2026 (estimado snapshot may-26) · Editable
A4: Horizonte (meses) | B4: Inflación acum % | C4: Inflación TEA %
A5: 1 | B5: 0.032 | C5: 0.458
A6: 3 | B6: 0.084 | C6: 0.382
A7: 6 | B7: 0.145 | C7: 0.315
A8: 12 | B8: 0.23 | C8: 0.23
A9: 18 | B9: 0.335 | C9: 0.216
A10: 24 | B10: 0.43 | C10: 0.196
A11: 36 | B11: 0.6 | C11: 0.17
